alpha,clients,cumulative_epsilon,decrypt_time_sec,dp_enabled,dp_noise_sigma,num_clients_this_round,phe_enabled,round,secure_aggregation_enabled,seed,target_delta,total_encrypt_time_sec,total_plaintext_bytes_this_round,total_transmitted_bytes_this_round,val_accuracy,val_f1_macro,wall_clock_unix
0.5,"[{'client_id': 0, 'num_samples': 4660, 'compute_time_sec': 2.098890899971593, 'encrypt_time_sec': 22.096232699987013, 'plaintext_message_bytes': 503716, 'transmitted_message_bytes': 1343461}, {'client_id': 1, 'num_samples': 3400, 'compute_time_sec': 0.561778899980709, 'encrypt_time_sec': 22.066257900034543, 'plaintext_message_bytes': 503716, 'transmitted_message_bytes': 1343462}, {'client_id': 2, 'num_samples': 3766, 'compute_time_sec': 0.6422796999686398, 'encrypt_time_sec': 22.161152000015136, 'plaintext_message_bytes': 503716, 'transmitted_message_bytes': 1343458}, {'client_id': 3, 'num_samples': 2134, 'compute_time_sec': 0.3869367000297643, 'encrypt_time_sec': 22.027261500013992, 'plaintext_message_bytes': 503716, 'transmitted_message_bytes': 1343461}, {'client_id': 4, 'num_samples': 4165, 'compute_time_sec': 0.6870422999490984, 'encrypt_time_sec': 22.0224158000201, 'plaintext_message_bytes': 503716, 'transmitted_message_bytes': 1343466}, {'client_id': 5, 'num_samples': 175, 'compute_time_sec': 0.03585330001078546, 'encrypt_time_sec': 22.054920399968978, 'plaintext_message_bytes': 503716, 'transmitted_message_bytes': 1343466}, {'client_id': 6, 'num_samples': 30, 'compute_time_sec': 0.01613589999033138, 'encrypt_time_sec': 22.09420739999041, 'plaintext_message_bytes': 503716, 'transmitted_message_bytes': 1343457}, {'client_id': 7, 'num_samples': 29301, 'compute_time_sec': 4.794963599997573, 'encrypt_time_sec': 22.00793809996685, 'plaintext_message_bytes': 503716, 'transmitted_message_bytes': 1343465}, {'client_id': 8, 'num_samples': 439, 'compute_time_sec': 0.09187060000840575, 'encrypt_time_sec': 22.086758300021756, 'plaintext_message_bytes': 503716, 'transmitted_message_bytes': 1343460}, {'client_id': 9, 'num_samples': 1014, 'compute_time_sec': 0.17556940001668409, 'encrypt_time_sec': 22.034816600033082, 'plaintext_message_bytes': 503716, 'transmitted_message_bytes': 1343459}]",5615.1292546497025,6.272838199976832,True,0.1,10,True,0,True,42,1e-05,220.65196070005186,5037160,13434615,0.5340567998152852,0.355420442312028,1784522464.5436869
0.5,"[{'client_id': 0, 'num_samples': 4660, 'compute_time_sec': 0.7649596999981441, 'encrypt_time_sec': 22.074619899969548, 'plaintext_message_bytes': 503716, 'transmitted_message_bytes': 1343457}, {'client_id': 1, 'num_samples': 3400, 'compute_time_sec': 0.547749700024724, 'encrypt_time_sec': 22.196390700002667, 'plaintext_message_bytes': 503716, 'transmitted_message_bytes': 1343469}, {'client_id': 2, 'num_samples': 3766, 'compute_time_sec': 0.6338262999779545, 'encrypt_time_sec': 22.057485299999826, 'plaintext_message_bytes': 503716, 'transmitted_message_bytes': 1343462}, {'client_id': 3, 'num_samples': 2134, 'compute_time_sec': 0.3606186999822967, 'encrypt_time_sec': 22.10777360002976, 'plaintext_message_bytes': 503716, 'transmitted_message_bytes': 1343457}, {'client_id': 4, 'num_samples': 4165, 'compute_time_sec': 0.720994699979201, 'encrypt_time_sec': 22.14599950000411, 'plaintext_message_bytes': 503716, 'transmitted_message_bytes': 1343459}, {'client_id': 5, 'num_samples': 175, 'compute_time_sec': 0.03881499997805804, 'encrypt_time_sec': 22.113487700000405, 'plaintext_message_bytes': 503716, 'transmitted_message_bytes': 1343452}, {'client_id': 6, 'num_samples': 30, 'compute_time_sec': 0.017770800041034818, 'encrypt_time_sec': 22.07826280000154, 'plaintext_message_bytes': 503716, 'transmitted_message_bytes': 1343462}, {'client_id': 7, 'num_samples': 29301, 'compute_time_sec': 4.8626832000445575, 'encrypt_time_sec': 22.172800799948163, 'plaintext_message_bytes': 503716, 'transmitted_message_bytes': 1343457}, {'client_id': 8, 'num_samples': 439, 'compute_time_sec': 0.08329340000636876, 'encrypt_time_sec': 22.094289500033483, 'plaintext_message_bytes': 503716, 'transmitted_message_bytes': 1343454}, {'client_id': 9, 'num_samples': 1014, 'compute_time_sec': 0.16559099999722093, 'encrypt_time_sec': 22.248089500004426, 'plaintext_message_bytes': 503716, 'transmitted_message_bytes': 1343459}]",11115.129254649702,6.294306099996902,True,0.1,10,True,1,True,42,1e-05,221.28919929999392,5037160,13434588,0.9707919649041792,0.5257922824932818,1784522702.1917639
0.5,"[{'client_id': 0, 'num_samples': 4660, 'compute_time_sec': 0.7925761999795213, 'encrypt_time_sec': 22.12068980000913, 'plaintext_message_bytes': 503716, 'transmitted_message_bytes': 1343458}, {'client_id': 1, 'num_samples': 3400, 'compute_time_sec': 0.5707210000255145, 'encrypt_time_sec': 22.158245499944314, 'plaintext_message_bytes': 503716, 'transmitted_message_bytes': 1343459}, {'client_id': 2, 'num_samples': 3766, 'compute_time_sec': 0.6420304999919608, 'encrypt_time_sec': 22.215121900022496, 'plaintext_message_bytes': 503716, 'transmitted_message_bytes': 1343458}, {'client_id': 3, 'num_samples': 2134, 'compute_time_sec': 0.3585255000507459, 'encrypt_time_sec': 22.11713339999551, 'plaintext_message_bytes': 503716, 'transmitted_message_bytes': 1343454}, {'client_id': 4, 'num_samples': 4165, 'compute_time_sec': 0.6892865999834612, 'encrypt_time_sec': 22.07110229996033, 'plaintext_message_bytes': 503716, 'transmitted_message_bytes': 1343455}, {'client_id': 5, 'num_samples': 175, 'compute_time_sec': 0.042157000047154725, 'encrypt_time_sec': 22.040557999978773, 'plaintext_message_bytes': 503716, 'transmitted_message_bytes': 1343452}, {'client_id': 6, 'num_samples': 30, 'compute_time_sec': 0.01636290003079921, 'encrypt_time_sec': 22.127878800034523, 'plaintext_message_bytes': 503716, 'transmitted_message_bytes': 1343453}, {'client_id': 7, 'num_samples': 29301, 'compute_time_sec': 4.722701999999117, 'encrypt_time_sec': 22.0655936000403, 'plaintext_message_bytes': 503716, 'transmitted_message_bytes': 1343462}, {'client_id': 8, 'num_samples': 439, 'compute_time_sec': 0.07530209998367354, 'encrypt_time_sec': 22.088759600010235, 'plaintext_message_bytes': 503716, 'transmitted_message_bytes': 1343451}, {'client_id': 9, 'num_samples': 1014, 'compute_time_sec': 0.16592010000022128, 'encrypt_time_sec': 22.185527399997227, 'plaintext_message_bytes': 503716, 'transmitted_message_bytes': 1343455}]",16615.129254649702,6.289206900051795,True,0.1,10,True,2,True,42,1e-05,221.19061029999284,5037160,13434557,0.975178942507504,0.7476387331107474,1784522939.5872984
0.5,"[{'client_id': 0, 'num_samples': 4660, 'compute_time_sec': 0.7577816999983042, 'encrypt_time_sec': 22.041358400019817, 'plaintext_message_bytes': 503716, 'transmitted_message_bytes': 1343460}, {'client_id': 1, 'num_samples': 3400, 'compute_time_sec': 0.5544073000201024, 'encrypt_time_sec': 22.20089310000185, 'plaintext_message_bytes': 503716, 'transmitted_message_bytes': 1343461}, {'client_id': 2, 'num_samples': 3766, 'compute_time_sec': 0.6302051999955438, 'encrypt_time_sec': 22.078535599983297, 'plaintext_message_bytes': 503716, 'transmitted_message_bytes': 1343458}, {'client_id': 3, 'num_samples': 2134, 'compute_time_sec': 0.3595544999698177, 'encrypt_time_sec': 22.00015949999215, 'plaintext_message_bytes': 503716, 'transmitted_message_bytes': 1343459}, {'client_id': 4, 'num_samples': 4165, 'compute_time_sec': 0.6853448000038043, 'encrypt_time_sec': 22.196813500020653, 'plaintext_message_bytes': 503716, 'transmitted_message_bytes': 1343454}, {'client_id': 5, 'num_samples': 175, 'compute_time_sec': 0.040007200033869594, 'encrypt_time_sec': 22.084928199998103, 'plaintext_message_bytes': 503716, 'transmitted_message_bytes': 1343453}, {'client_id': 6, 'num_samples': 30, 'compute_time_sec': 0.014707599999383092, 'encrypt_time_sec': 22.07214450003812, 'plaintext_message_bytes': 503716, 'transmitted_message_bytes': 1343458}, {'client_id': 7, 'num_samples': 29301, 'compute_time_sec': 4.737742099969182, 'encrypt_time_sec': 22.07970550004393, 'plaintext_message_bytes': 503716, 'transmitted_message_bytes': 1343463}, {'client_id': 8, 'num_samples': 439, 'compute_time_sec': 0.07236280001234263, 'encrypt_time_sec': 22.039961599977687, 'plaintext_message_bytes': 503716, 'transmitted_message_bytes': 1343455}, {'client_id': 9, 'num_samples': 1014, 'compute_time_sec': 0.16478260001167655, 'encrypt_time_sec': 22.010695999953896, 'plaintext_message_bytes': 503716, 'transmitted_message_bytes': 1343455}]",22115.129254649702,6.2824010999756865,True,0.1,10,True,3,True,42,1e-05,220.8051959000295,5037160,13434576,0.8398753174786423,0.559408402196204,1784523176.5611806
0.5,"[{'client_id': 0, 'num_samples': 4660, 'compute_time_sec': 0.7812531000236049, 'encrypt_time_sec': 22.082440099969972, 'plaintext_message_bytes': 503716, 'transmitted_message_bytes': 1343459}, {'client_id': 1, 'num_samples': 3400, 'compute_time_sec': 0.5745791000081226, 'encrypt_time_sec': 22.070942399965134, 'plaintext_message_bytes': 503716, 'transmitted_message_bytes': 1343456}, {'client_id': 2, 'num_samples': 3766, 'compute_time_sec': 0.5960400000330992, 'encrypt_time_sec': 22.041714299994055, 'plaintext_message_bytes': 503716, 'transmitted_message_bytes': 1343468}, {'client_id': 3, 'num_samples': 2134, 'compute_time_sec': 0.35156159999314696, 'encrypt_time_sec': 22.071410200034734, 'plaintext_message_bytes': 503716, 'transmitted_message_bytes': 1343459}, {'client_id': 4, 'num_samples': 4165, 'compute_time_sec': 0.6977161000249907, 'encrypt_time_sec': 22.135279999987688, 'plaintext_message_bytes': 503716, 'transmitted_message_bytes': 1343468}, {'client_id': 5, 'num_samples': 175, 'compute_time_sec': 0.03961199999321252, 'encrypt_time_sec': 22.069929499994032, 'plaintext_message_bytes': 503716, 'transmitted_message_bytes': 1343454}, {'client_id': 6, 'num_samples': 30, 'compute_time_sec': 0.018438900006003678, 'encrypt_time_sec': 22.07384919998003, 'plaintext_message_bytes': 503716, 'transmitted_message_bytes': 1343455}, {'client_id': 7, 'num_samples': 29301, 'compute_time_sec': 4.789160999993328, 'encrypt_time_sec': 22.10977580002509, 'plaintext_message_bytes': 503716, 'transmitted_message_bytes': 1343457}, {'client_id': 8, 'num_samples': 439, 'compute_time_sec': 0.09688590001314878, 'encrypt_time_sec': 22.06946600001538, 'plaintext_message_bytes': 503716, 'transmitted_message_bytes': 1343468}, {'client_id': 9, 'num_samples': 1014, 'compute_time_sec': 0.15926499996567145, 'encrypt_time_sec': 22.108125799975824, 'plaintext_message_bytes': 503716, 'transmitted_message_bytes': 1343460}]",27615.129254649702,6.325761400046758,True,0.1,10,True,4,True,42,1e-05,220.83293329994194,5037160,13434604,0.8481874855691526,0.5779953995117645,1784523413.7109525
0.5,"[{'client_id': 0, 'num_samples': 4660, 'compute_time_sec': 0.760715100041125, 'encrypt_time_sec': 22.02017989999149, 'plaintext_message_bytes': 503716, 'transmitted_message_bytes': 1343460}, {'client_id': 1, 'num_samples': 3400, 'compute_time_sec': 0.5691323000355624, 'encrypt_time_sec': 21.994009100017138, 'plaintext_message_bytes': 503716, 'transmitted_message_bytes': 1343449}, {'client_id': 2, 'num_samples': 3766, 'compute_time_sec': 0.6283970000222325, 'encrypt_time_sec': 22.06873210001504, 'plaintext_message_bytes': 503716, 'transmitted_message_bytes': 1343459}, {'client_id': 3, 'num_samples': 2134, 'compute_time_sec': 0.385845499986317, 'encrypt_time_sec': 22.028543500055093, 'plaintext_message_bytes': 503716, 'transmitted_message_bytes': 1343458}, {'client_id': 4, 'num_samples': 4165, 'compute_time_sec': 0.7030334000010043, 'encrypt_time_sec': 22.00778389995685, 'plaintext_message_bytes': 503716, 'transmitted_message_bytes': 1343459}, {'client_id': 5, 'num_samples': 175, 'compute_time_sec': 0.03993480000644922, 'encrypt_time_sec': 21.995381399989128, 'plaintext_message_bytes': 503716, 'transmitted_message_bytes': 1343460}, {'client_id': 6, 'num_samples': 30, 'compute_time_sec': 0.020340499992016703, 'encrypt_time_sec': 22.102407000027597, 'plaintext_message_bytes': 503716, 'transmitted_message_bytes': 1343464}, {'client_id': 7, 'num_samples': 29301, 'compute_time_sec': 5.0909321999643, 'encrypt_time_sec': 22.24954820005223, 'plaintext_message_bytes': 503716, 'transmitted_message_bytes': 1343465}, {'client_id': 8, 'num_samples': 439, 'compute_time_sec': 0.07378649996826425, 'encrypt_time_sec': 22.039860400022008, 'plaintext_message_bytes': 503716, 'transmitted_message_bytes': 1343462}, {'client_id': 9, 'num_samples': 1014, 'compute_time_sec': 0.1752732999739237, 'encrypt_time_sec': 22.169973900017794, 'plaintext_message_bytes': 503716, 'transmitted_message_bytes': 1343465}]",33115.1292546497,6.2792391999973916,True,0.1,10,True,5,True,42,1e-05,220.67641940014437,5037160,13434601,0.9109905333641192,0.6463683853939555,1784523650.9985542
0.5,"[{'client_id': 0, 'num_samples': 4660, 'compute_time_sec': 0.7850973000167869, 'encrypt_time_sec': 22.15733449999243, 'plaintext_message_bytes': 503716, 'transmitted_message_bytes': 1343467}, {'client_id': 1, 'num_samples': 3400, 'compute_time_sec': 0.5739958999911323, 'encrypt_time_sec': 22.128564000013284, 'plaintext_message_bytes': 503716, 'transmitted_message_bytes': 1343461}, {'client_id': 2, 'num_samples': 3766, 'compute_time_sec': 0.6418736000196077, 'encrypt_time_sec': 22.164729600015562, 'plaintext_message_bytes': 503716, 'transmitted_message_bytes': 1343457}, {'client_id': 3, 'num_samples': 2134, 'compute_time_sec': 0.3581594999996014, 'encrypt_time_sec': 22.144148999999743, 'plaintext_message_bytes': 503716, 'transmitted_message_bytes': 1343458}, {'client_id': 4, 'num_samples': 4165, 'compute_time_sec': 0.6992949999985285, 'encrypt_time_sec': 22.154950099997222, 'plaintext_message_bytes': 503716, 'transmitted_message_bytes': 1343458}, {'client_id': 5, 'num_samples': 175, 'compute_time_sec': 0.03926990000763908, 'encrypt_time_sec': 22.11647449998418, 'plaintext_message_bytes': 503716, 'transmitted_message_bytes': 1343455}, {'client_id': 6, 'num_samples': 30, 'compute_time_sec': 0.017671899986453354, 'encrypt_time_sec': 22.043024999962654, 'plaintext_message_bytes': 503716, 'transmitted_message_bytes': 1343462}, {'client_id': 7, 'num_samples': 29301, 'compute_time_sec': 4.745705299952533, 'encrypt_time_sec': 22.072063700004946, 'plaintext_message_bytes': 503716, 'transmitted_message_bytes': 1343461}, {'client_id': 8, 'num_samples': 439, 'compute_time_sec': 0.0876939999870956, 'encrypt_time_sec': 22.15415210003266, 'plaintext_message_bytes': 503716, 'transmitted_message_bytes': 1343463}, {'client_id': 9, 'num_samples': 1014, 'compute_time_sec': 0.16700929997023195, 'encrypt_time_sec': 22.048925099952612, 'plaintext_message_bytes': 503716, 'transmitted_message_bytes': 1343465}]",38615.1292546497,6.2944986000075005,True,0.1,10,True,6,True,42,1e-05,221.1843675999553,5037160,13434607,0.9825675363657354,0.8641879203690291,1784523888.4830158
0.5,"[{'client_id': 0, 'num_samples': 4660, 'compute_time_sec': 0.7865599999786355, 'encrypt_time_sec': 22.108312999946065, 'plaintext_message_bytes': 503716, 'transmitted_message_bytes': 1343458}, {'client_id': 1, 'num_samples': 3400, 'compute_time_sec': 0.5632342000026256, 'encrypt_time_sec': 22.065295799984597, 'plaintext_message_bytes': 503716, 'transmitted_message_bytes': 1343465}, {'client_id': 2, 'num_samples': 3766, 'compute_time_sec': 0.6288245000177994, 'encrypt_time_sec': 22.07445979997283, 'plaintext_message_bytes': 503716, 'transmitted_message_bytes': 1343458}, {'client_id': 3, 'num_samples': 2134, 'compute_time_sec': 0.3322801999747753, 'encrypt_time_sec': 22.114200500014704, 'plaintext_message_bytes': 503716, 'transmitted_message_bytes': 1343458}, {'client_id': 4, 'num_samples': 4165, 'compute_time_sec': 0.6744897000025958, 'encrypt_time_sec': 22.088556299975608, 'plaintext_message_bytes': 503716, 'transmitted_message_bytes': 1343458}, {'client_id': 5, 'num_samples': 175, 'compute_time_sec': 0.036329900030978024, 'encrypt_time_sec': 22.061555700027384, 'plaintext_message_bytes': 503716, 'transmitted_message_bytes': 1343461}, {'client_id': 6, 'num_samples': 30, 'compute_time_sec': 0.012988300004508346, 'encrypt_time_sec': 22.049021999991965, 'plaintext_message_bytes': 503716, 'transmitted_message_bytes': 1343447}, {'client_id': 7, 'num_samples': 29301, 'compute_time_sec': 4.836469300033059, 'encrypt_time_sec': 22.064304799947422, 'plaintext_message_bytes': 503716, 'transmitted_message_bytes': 1343460}, {'client_id': 8, 'num_samples': 439, 'compute_time_sec': 0.08282529999269173, 'encrypt_time_sec': 22.02939310000511, 'plaintext_message_bytes': 503716, 'transmitted_message_bytes': 1343465}, {'client_id': 9, 'num_samples': 1014, 'compute_time_sec': 0.16600740002468228, 'encrypt_time_sec': 22.089808300021105, 'plaintext_message_bytes': 503716, 'transmitted_message_bytes': 1343456}]",44115.1292546497,6.323656399967149,True,0.1,10,True,7,True,42,1e-05,220.74490929988679,5037160,13434586,0.9810667282382821,0.8593341043759308,1784524125.553938
0.5,"[{'client_id': 0, 'num_samples': 4660, 'compute_time_sec': 0.7647034999681637, 'encrypt_time_sec': 22.033681000000797, 'plaintext_message_bytes': 503716, 'transmitted_message_bytes': 1343458}, {'client_id': 1, 'num_samples': 3400, 'compute_time_sec': 0.5643844999722205, 'encrypt_time_sec': 22.095505799981765, 'plaintext_message_bytes': 503716, 'transmitted_message_bytes': 1343458}, {'client_id': 2, 'num_samples': 3766, 'compute_time_sec': 0.652332799974829, 'encrypt_time_sec': 22.10382830002345, 'plaintext_message_bytes': 503716, 'transmitted_message_bytes': 1343458}, {'client_id': 3, 'num_samples': 2134, 'compute_time_sec': 0.36517430003732443, 'encrypt_time_sec': 22.08592330000829, 'plaintext_message_bytes': 503716, 'transmitted_message_bytes': 1343456}, {'client_id': 4, 'num_samples': 4165, 'compute_time_sec': 0.6680659999838099, 'encrypt_time_sec': 22.272807899978943, 'plaintext_message_bytes': 503716, 'transmitted_message_bytes': 1343450}, {'client_id': 5, 'num_samples': 175, 'compute_time_sec': 0.035782999999355525, 'encrypt_time_sec': 29.66016250004759, 'plaintext_message_bytes': 503716, 'transmitted_message_bytes': 1343459}, {'client_id': 6, 'num_samples': 30, 'compute_time_sec': 0.018131500051822513, 'encrypt_time_sec': 25.294850200007204, 'plaintext_message_bytes': 503716, 'transmitted_message_bytes': 1343457}, {'client_id': 7, 'num_samples': 29301, 'compute_time_sec': 7.3724225999903865, 'encrypt_time_sec': 24.9359139999724, 'plaintext_message_bytes': 503716, 'transmitted_message_bytes': 1343452}, {'client_id': 8, 'num_samples': 439, 'compute_time_sec': 0.11422390001825988, 'encrypt_time_sec': 22.93812159996014, 'plaintext_message_bytes': 503716, 'transmitted_message_bytes': 1343456}, {'client_id': 9, 'num_samples': 1014, 'compute_time_sec': 0.1587512999540195, 'encrypt_time_sec': 22.58028130000457, 'plaintext_message_bytes': 503716, 'transmitted_message_bytes': 1343461}]",49615.1292546497,7.381011000019498,True,0.1,10,True,8,True,42,1e-05,236.00107589998515,5037160,13434565,0.976910644193027,0.8284562248486961,1784524381.7258143
0.5,"[{'client_id': 0, 'num_samples': 4660, 'compute_time_sec': 0.7823536000214517, 'encrypt_time_sec': 23.061349200026598, 'plaintext_message_bytes': 503716, 'transmitted_message_bytes': 1343464}, {'client_id': 1, 'num_samples': 3400, 'compute_time_sec': 0.5343054000404663, 'encrypt_time_sec': 22.537075800006278, 'plaintext_message_bytes': 503716, 'transmitted_message_bytes': 1343457}, {'client_id': 2, 'num_samples': 3766, 'compute_time_sec': 0.6245532999746501, 'encrypt_time_sec': 22.61013250000542, 'plaintext_message_bytes': 503716, 'transmitted_message_bytes': 1343467}, {'client_id': 3, 'num_samples': 2134, 'compute_time_sec': 0.3470443999976851, 'encrypt_time_sec': 22.55458689999068, 'plaintext_message_bytes': 503716, 'transmitted_message_bytes': 1343459}, {'client_id': 4, 'num_samples': 4165, 'compute_time_sec': 0.6304631999810226, 'encrypt_time_sec': 22.554035899986047, 'plaintext_message_bytes': 503716, 'transmitted_message_bytes': 1343466}, {'client_id': 5, 'num_samples': 175, 'compute_time_sec': 0.03968510002596304, 'encrypt_time_sec': 23.02777739998419, 'plaintext_message_bytes': 503716, 'transmitted_message_bytes': 1343452}, {'client_id': 6, 'num_samples': 30, 'compute_time_sec': 0.01644560002023354, 'encrypt_time_sec': 22.65338360000169, 'plaintext_message_bytes': 503716, 'transmitted_message_bytes': 1343465}, {'client_id': 7, 'num_samples': 29301, 'compute_time_sec': 4.576796500012279, 'encrypt_time_sec': 22.631045899994206, 'plaintext_message_bytes': 503716, 'transmitted_message_bytes': 1343466}, {'client_id': 8, 'num_samples': 439, 'compute_time_sec': 0.08944020001217723, 'encrypt_time_sec': 22.464390799985267, 'plaintext_message_bytes': 503716, 'transmitted_message_bytes': 1343459}, {'client_id': 9, 'num_samples': 1014, 'compute_time_sec': 0.15847199998097494, 'encrypt_time_sec': 23.09145659999922, 'plaintext_message_bytes': 503716, 'transmitted_message_bytes': 1343472}]",55115.1292546497,6.5165098999859765,True,0.1,10,True,9,True,42,1e-05,227.1852345999796,5037160,13434627,0.9906488108981759,0.9167542582314417,1784524625.2123177
0.5,"[{'client_id': 0, 'num_samples': 4660, 'compute_time_sec': 0.634543499967549, 'encrypt_time_sec': 23.327955499989912, 'plaintext_message_bytes': 503716, 'transmitted_message_bytes': 1343453}, {'client_id': 1, 'num_samples': 3400, 'compute_time_sec': 0.5460576000041328, 'encrypt_time_sec': 22.72636049997527, 'plaintext_message_bytes': 503716, 'transmitted_message_bytes': 1343465}, {'client_id': 2, 'num_samples': 3766, 'compute_time_sec': 0.600821600004565, 'encrypt_time_sec': 22.74024559999816, 'plaintext_message_bytes': 503716, 'transmitted_message_bytes': 1343465}, {'client_id': 3, 'num_samples': 2134, 'compute_time_sec': 0.31155139999464154, 'encrypt_time_sec': 22.71681750001153, 'plaintext_message_bytes': 503716, 'transmitted_message_bytes': 1343460}, {'client_id': 4, 'num_samples': 4165, 'compute_time_sec': 0.6323230999987572, 'encrypt_time_sec': 22.64470629999414, 'plaintext_message_bytes': 503716, 'transmitted_message_bytes': 1343462}, {'client_id': 5, 'num_samples': 175, 'compute_time_sec': 0.03687459998764098, 'encrypt_time_sec': 22.94593889999669, 'plaintext_message_bytes': 503716, 'transmitted_message_bytes': 1343460}, {'client_id': 6, 'num_samples': 30, 'compute_time_sec': 0.017859400017187, 'encrypt_time_sec': 22.698631300008856, 'plaintext_message_bytes': 503716, 'transmitted_message_bytes': 1343449}, {'client_id': 7, 'num_samples': 29301, 'compute_time_sec': 4.413119199976791, 'encrypt_time_sec': 22.68826409999747, 'plaintext_message_bytes': 503716, 'transmitted_message_bytes': 1343461}, {'client_id': 8, 'num_samples': 439, 'compute_time_sec': 0.08745399996405467, 'encrypt_time_sec': 22.730795599985868, 'plaintext_message_bytes': 503716, 'transmitted_message_bytes': 1343458}, {'client_id': 9, 'num_samples': 1014, 'compute_time_sec': 0.1567881999653764, 'encrypt_time_sec': 22.630957899964415, 'plaintext_message_bytes': 503716, 'transmitted_message_bytes': 1343472}]",60615.1292546497,6.506162200006656,True,0.1,10,True,10,True,42,1e-05,227.8506731999223,5037160,13434605,0.8351419995382129,0.5832923677972077,1784524868.8644774
0.5,"[{'client_id': 0, 'num_samples': 4660, 'compute_time_sec': 0.7122617000131868, 'encrypt_time_sec': 22.762897000007797, 'plaintext_message_bytes': 503716, 'transmitted_message_bytes': 1343462}, {'client_id': 1, 'num_samples': 3400, 'compute_time_sec': 0.5012472000089474, 'encrypt_time_sec': 22.68712920002872, 'plaintext_message_bytes': 503716, 'transmitted_message_bytes': 1343459}, {'client_id': 2, 'num_samples': 3766, 'compute_time_sec': 0.5600424999720417, 'encrypt_time_sec': 22.55763419996947, 'plaintext_message_bytes': 503716, 'transmitted_message_bytes': 1343455}, {'client_id': 3, 'num_samples': 2134, 'compute_time_sec': 0.33692799997515976, 'encrypt_time_sec': 22.585956800030544, 'plaintext_message_bytes': 503716, 'transmitted_message_bytes': 1343464}, {'client_id': 4, 'num_samples': 4165, 'compute_time_sec': 0.613634200009983, 'encrypt_time_sec': 23.081543100008275, 'plaintext_message_bytes': 503716, 'transmitted_message_bytes': 1343457}, {'client_id': 5, 'num_samples': 175, 'compute_time_sec': 0.03769339999416843, 'encrypt_time_sec': 22.878579000011086, 'plaintext_message_bytes': 503716, 'transmitted_message_bytes': 1343459}, {'client_id': 6, 'num_samples': 30, 'compute_time_sec': 0.015901000006124377, 'encrypt_time_sec': 22.674093800014816, 'plaintext_message_bytes': 503716, 'transmitted_message_bytes': 1343455}, {'client_id': 7, 'num_samples': 29301, 'compute_time_sec': 4.248441800009459, 'encrypt_time_sec': 22.73572850000346, 'plaintext_message_bytes': 503716, 'transmitted_message_bytes': 1343462}, {'client_id': 8, 'num_samples': 439, 'compute_time_sec': 0.07066420000046492, 'encrypt_time_sec': 22.56286209996324, 'plaintext_message_bytes': 503716, 'transmitted_message_bytes': 1343460}, {'client_id': 9, 'num_samples': 1014, 'compute_time_sec': 0.14318389998516068, 'encrypt_time_sec': 22.54927629994927, 'plaintext_message_bytes': 503716, 'transmitted_message_bytes': 1343467}]",66115.1292546497,6.456944400037173,True,0.1,10,True,11,True,42,1e-05,227.07569999998668,5037160,13434600,0.7838836296467329,0.5434435335425434,1784525111.5241077
0.5,"[{'client_id': 0, 'num_samples': 4660, 'compute_time_sec': 0.7171369999996386, 'encrypt_time_sec': 22.84653750003781, 'plaintext_message_bytes': 503716, 'transmitted_message_bytes': 1343445}, {'client_id': 1, 'num_samples': 3400, 'compute_time_sec': 0.5110828999895602, 'encrypt_time_sec': 22.570235699997284, 'plaintext_message_bytes': 503716, 'transmitted_message_bytes': 1343459}, {'client_id': 2, 'num_samples': 3766, 'compute_time_sec': 0.5451761999865994, 'encrypt_time_sec': 22.522029799991287, 'plaintext_message_bytes': 503716, 'transmitted_message_bytes': 1343465}, {'client_id': 3, 'num_samples': 2134, 'compute_time_sec': 0.32236180000472814, 'encrypt_time_sec': 22.738670999999158, 'plaintext_message_bytes': 503716, 'transmitted_message_bytes': 1343454}, {'client_id': 4, 'num_samples': 4165, 'compute_time_sec': 0.6471063000499271, 'encrypt_time_sec': 22.582123400003184, 'plaintext_message_bytes': 503716, 'transmitted_message_bytes': 1343458}, {'client_id': 5, 'num_samples': 175, 'compute_time_sec': 0.04323589999694377, 'encrypt_time_sec': 22.560864499944728, 'plaintext_message_bytes': 503716, 'transmitted_message_bytes': 1343460}, {'client_id': 6, 'num_samples': 30, 'compute_time_sec': 0.017347499961033463, 'encrypt_time_sec': 22.751855599984992, 'plaintext_message_bytes': 503716, 'transmitted_message_bytes': 1343459}, {'client_id': 7, 'num_samples': 29301, 'compute_time_sec': 4.22298859996954, 'encrypt_time_sec': 22.60067319998052, 'plaintext_message_bytes': 503716, 'transmitted_message_bytes': 1343463}, {'client_id': 8, 'num_samples': 439, 'compute_time_sec': 0.07421290001366287, 'encrypt_time_sec': 22.535721599997487, 'plaintext_message_bytes': 503716, 'transmitted_message_bytes': 1343463}, {'client_id': 9, 'num_samples': 1014, 'compute_time_sec': 0.14111189998220652, 'encrypt_time_sec': 22.632932400039863, 'plaintext_message_bytes': 503716, 'transmitted_message_bytes': 1343461}]",71615.1292546497,6.489281099988148,True,0.1,10,True,12,True,42,1e-05,226.3416446999763,5037160,13434587,0.8457631032094205,0.5945915799267966,1784525353.4270318
0.5,"[{'client_id': 0, 'num_samples': 4660, 'compute_time_sec': 0.6599976000143215, 'encrypt_time_sec': 22.92975439998554, 'plaintext_message_bytes': 503716, 'transmitted_message_bytes': 1343456}, {'client_id': 1, 'num_samples': 3400, 'compute_time_sec': 0.4765361999743618, 'encrypt_time_sec': 22.655807699949946, 'plaintext_message_bytes': 503716, 'transmitted_message_bytes': 1343460}, {'client_id': 2, 'num_samples': 3766, 'compute_time_sec': 0.5689825000008568, 'encrypt_time_sec': 22.52977889997419, 'plaintext_message_bytes': 503716, 'transmitted_message_bytes': 1343454}, {'client_id': 3, 'num_samples': 2134, 'compute_time_sec': 0.33329400001093745, 'encrypt_time_sec': 23.19434749998618, 'plaintext_message_bytes': 503716, 'transmitted_message_bytes': 1343468}, {'client_id': 4, 'num_samples': 4165, 'compute_time_sec': 0.7214833999751136, 'encrypt_time_sec': 23.53107430000091, 'plaintext_message_bytes': 503716, 'transmitted_message_bytes': 1343459}, {'client_id': 5, 'num_samples': 175, 'compute_time_sec': 0.03667709999717772, 'encrypt_time_sec': 22.875365999992937, 'plaintext_message_bytes': 503716, 'transmitted_message_bytes': 1343458}, {'client_id': 6, 'num_samples': 30, 'compute_time_sec': 0.014137800026219338, 'encrypt_time_sec': 24.405309800000396, 'plaintext_message_bytes': 503716, 'transmitted_message_bytes': 1343449}, {'client_id': 7, 'num_samples': 29301, 'compute_time_sec': 7.0528010000125505, 'encrypt_time_sec': 25.11395170004107, 'plaintext_message_bytes': 503716, 'transmitted_message_bytes': 1343453}, {'client_id': 8, 'num_samples': 439, 'compute_time_sec': 0.11559170001419261, 'encrypt_time_sec': 24.961031000013463, 'plaintext_message_bytes': 503716, 'transmitted_message_bytes': 1343464}, {'client_id': 9, 'num_samples': 1014, 'compute_time_sec': 0.24791719997301698, 'encrypt_time_sec': 24.96250099997269, 'plaintext_message_bytes': 503716, 'transmitted_message_bytes': 1343458}]",77115.1292546497,7.292895800026599,True,0.1,10,True,13,True,42,1e-05,237.15892229991732,5037160,13434579,0.8390671900253983,0.5894832508140416,1784525610.3213446
0.5,"[{'client_id': 0, 'num_samples': 4660, 'compute_time_sec': 1.2056011999957263, 'encrypt_time_sec': 27.113425399991684, 'plaintext_message_bytes': 503716, 'transmitted_message_bytes': 1343461}, {'client_id': 1, 'num_samples': 3400, 'compute_time_sec': 0.8224907999974675, 'encrypt_time_sec': 25.09544109995477, 'plaintext_message_bytes': 503716, 'transmitted_message_bytes': 1343459}, {'client_id': 2, 'num_samples': 3766, 'compute_time_sec': 0.9112865999923088, 'encrypt_time_sec': 25.547182200010866, 'plaintext_message_bytes': 503716, 'transmitted_message_bytes': 1343442}, {'client_id': 3, 'num_samples': 2134, 'compute_time_sec': 0.5032797000021674, 'encrypt_time_sec': 25.14652730000671, 'plaintext_message_bytes': 503716, 'transmitted_message_bytes': 1343459}, {'client_id': 4, 'num_samples': 4165, 'compute_time_sec': 1.0565925000119023, 'encrypt_time_sec': 24.997631900012493, 'plaintext_message_bytes': 503716, 'transmitted_message_bytes': 1343468}, {'client_id': 5, 'num_samples': 175, 'compute_time_sec': 0.06784029997652397, 'encrypt_time_sec': 23.207375400001183, 'plaintext_message_bytes': 503716, 'transmitted_message_bytes': 1343459}, {'client_id': 6, 'num_samples': 30, 'compute_time_sec': 0.018360699992626905, 'encrypt_time_sec': 22.50095199997304, 'plaintext_message_bytes': 503716, 'transmitted_message_bytes': 1343461}, {'client_id': 7, 'num_samples': 29301, 'compute_time_sec': 4.525468299980275, 'encrypt_time_sec': 22.595443799975328, 'plaintext_message_bytes': 503716, 'transmitted_message_bytes': 1343459}, {'client_id': 8, 'num_samples': 439, 'compute_time_sec': 0.0762516999966465, 'encrypt_time_sec': 22.694153300020844, 'plaintext_message_bytes': 503716, 'transmitted_message_bytes': 1343458}, {'client_id': 9, 'num_samples': 1014, 'compute_time_sec': 0.17268379998859018, 'encrypt_time_sec': 22.518531600013375, 'plaintext_message_bytes': 503716, 'transmitted_message_bytes': 1343455}]",82615.1292546497,6.485140500008129,True,0.1,10,True,14,True,42,1e-05,241.4166639999603,5037160,13434581,0.8543061648580005,0.6041232092653497,1784525869.783111
