alpha,clients,layer,max_client_compute_time_sec,num_clients_this_round,round,seed,total_message_bytes_this_round,val_accuracy,val_f1_macro,wall_clock_unix
0.5,"[{'client_id': 2, 'num_samples': 9500, 'compute_time_sec': 2.603328600001987, 'message_size_bytes': 507600}, {'client_id': 7, 'num_samples': 6026, 'compute_time_sec': 1.7463082000031136, 'message_size_bytes': 507600}, {'client_id': 5, 'num_samples': 13167, 'compute_time_sec': 4.702765699999873, 'message_size_bytes': 507600}, {'client_id': 6, 'num_samples': 6530, 'compute_time_sec': 1.12588790000882, 'message_size_bytes': 507600}, {'client_id': 1, 'num_samples': 18482, 'compute_time_sec': 3.0235687000094913, 'message_size_bytes': 507600}, {'client_id': 4, 'num_samples': 1576, 'compute_time_sec': 0.27489539998350665, 'message_size_bytes': 507600}, {'client_id': 3, 'num_samples': 1478, 'compute_time_sec': 0.2510916999890469, 'message_size_bytes': 507600}, {'client_id': 9, 'num_samples': 2722, 'compute_time_sec': 0.47587449999991804, 'message_size_bytes': 507600}, {'client_id': 0, 'num_samples': 5121, 'compute_time_sec': 0.864758699957747, 'message_size_bytes': 507600}, {'client_id': 8, 'num_samples': 4150, 'compute_time_sec': 0.6900006999494508, 'message_size_bytes': 507600}]",B,4.702765699999873,10,0,2024,5076000,0.7004862770955246,0.18841938195304433,1784490903.2534895
0.5,"[{'client_id': 6, 'num_samples': 6530, 'compute_time_sec': 1.1240794000332244, 'message_size_bytes': 507600}, {'client_id': 7, 'num_samples': 6026, 'compute_time_sec': 0.9816040999721736, 'message_size_bytes': 507600}, {'client_id': 9, 'num_samples': 2722, 'compute_time_sec': 0.9673055000021122, 'message_size_bytes': 507600}, {'client_id': 8, 'num_samples': 4150, 'compute_time_sec': 0.762886599986814, 'message_size_bytes': 507600}, {'client_id': 1, 'num_samples': 18482, 'compute_time_sec': 3.0816012999857776, 'message_size_bytes': 507600}, {'client_id': 4, 'num_samples': 1576, 'compute_time_sec': 0.2881175999646075, 'message_size_bytes': 507600}, {'client_id': 5, 'num_samples': 13167, 'compute_time_sec': 2.2038228000164963, 'message_size_bytes': 507600}, {'client_id': 0, 'num_samples': 5121, 'compute_time_sec': 0.8636819000239484, 'message_size_bytes': 507600}, {'client_id': 2, 'num_samples': 9500, 'compute_time_sec': 1.5651843000086956, 'message_size_bytes': 507600}, {'client_id': 3, 'num_samples': 1478, 'compute_time_sec': 0.2542146000196226, 'message_size_bytes': 507600}]",B,3.0816012999857776,10,1,2024,5076000,0.8389516195499876,0.4501064294237011,1784490915.5340235
0.5,"[{'client_id': 3, 'num_samples': 1478, 'compute_time_sec': 0.2964743999764323, 'message_size_bytes': 507600}, {'client_id': 0, 'num_samples': 5121, 'compute_time_sec': 1.1607186999754049, 'message_size_bytes': 507600}, {'client_id': 8, 'num_samples': 4150, 'compute_time_sec': 0.9522195999743417, 'message_size_bytes': 507600}, {'client_id': 5, 'num_samples': 13167, 'compute_time_sec': 3.3093918000231497, 'message_size_bytes': 507600}, {'client_id': 4, 'num_samples': 1576, 'compute_time_sec': 0.4587378000142053, 'message_size_bytes': 507600}, {'client_id': 9, 'num_samples': 2722, 'compute_time_sec': 0.6383497000206262, 'message_size_bytes': 507600}, {'client_id': 1, 'num_samples': 18482, 'compute_time_sec': 4.0168958000140265, 'message_size_bytes': 507600}, {'client_id': 2, 'num_samples': 9500, 'compute_time_sec': 2.096764800022356, 'message_size_bytes': 507600}, {'client_id': 6, 'num_samples': 6530, 'compute_time_sec': 1.4133507999940775, 'message_size_bytes': 507600}, {'client_id': 7, 'num_samples': 6026, 'compute_time_sec': 1.3541234000003897, 'message_size_bytes': 507600}]",B,4.0168958000140265,10,2,2024,5076000,0.8410945355641638,0.496092531700216,1784490931.4867005
0.5,"[{'client_id': 4, 'num_samples': 1576, 'compute_time_sec': 0.37584190000779927, 'message_size_bytes': 507600}, {'client_id': 1, 'num_samples': 18482, 'compute_time_sec': 4.744113199994899, 'message_size_bytes': 507600}, {'client_id': 0, 'num_samples': 5121, 'compute_time_sec': 1.215494200005196, 'message_size_bytes': 507600}, {'client_id': 2, 'num_samples': 9500, 'compute_time_sec': 2.04866289999336, 'message_size_bytes': 507600}, {'client_id': 3, 'num_samples': 1478, 'compute_time_sec': 0.3400199000025168, 'message_size_bytes': 507600}, {'client_id': 9, 'num_samples': 2722, 'compute_time_sec': 0.6213228999986313, 'message_size_bytes': 507600}, {'client_id': 8, 'num_samples': 4150, 'compute_time_sec': 0.9051471999846399, 'message_size_bytes': 507600}, {'client_id': 5, 'num_samples': 13167, 'compute_time_sec': 2.829843699990306, 'message_size_bytes': 507600}, {'client_id': 7, 'num_samples': 6026, 'compute_time_sec': 1.2868011000100523, 'message_size_bytes': 507600}, {'client_id': 6, 'num_samples': 6530, 'compute_time_sec': 1.3950724999886006, 'message_size_bytes': 507600}]",B,4.744113199994899,10,3,2024,5076000,0.8342536882881398,0.4950136219621319,1784490947.4775505
0.5,"[{'client_id': 3, 'num_samples': 1478, 'compute_time_sec': 0.3673463999875821, 'message_size_bytes': 507600}, {'client_id': 5, 'num_samples': 13167, 'compute_time_sec': 2.8812507999828085, 'message_size_bytes': 507600}, {'client_id': 7, 'num_samples': 6026, 'compute_time_sec': 1.9564630999811925, 'message_size_bytes': 507600}, {'client_id': 1, 'num_samples': 18482, 'compute_time_sec': 4.145645299984608, 'message_size_bytes': 507600}, {'client_id': 2, 'num_samples': 9500, 'compute_time_sec': 2.3107131000142545, 'message_size_bytes': 507600}, {'client_id': 0, 'num_samples': 5121, 'compute_time_sec': 1.13104619999649, 'message_size_bytes': 507600}, {'client_id': 4, 'num_samples': 1576, 'compute_time_sec': 0.3339309000293724, 'message_size_bytes': 507600}, {'client_id': 8, 'num_samples': 4150, 'compute_time_sec': 0.9138800000073388, 'message_size_bytes': 507600}, {'client_id': 9, 'num_samples': 2722, 'compute_time_sec': 0.5906576999695972, 'message_size_bytes': 507600}, {'client_id': 6, 'num_samples': 6530, 'compute_time_sec': 1.4700362000148743, 'message_size_bytes': 507600}]",B,4.145645299984608,10,4,2024,5076000,0.8432374515783401,0.5047114511275747,1784490963.8239856
0.5,"[{'client_id': 2, 'num_samples': 9500, 'compute_time_sec': 2.651296199997887, 'message_size_bytes': 507600}, {'client_id': 1, 'num_samples': 18482, 'compute_time_sec': 4.0955865000141785, 'message_size_bytes': 507600}, {'client_id': 4, 'num_samples': 1576, 'compute_time_sec': 0.3626951000187546, 'message_size_bytes': 507600}, {'client_id': 3, 'num_samples': 1478, 'compute_time_sec': 0.34112449997337535, 'message_size_bytes': 507600}, {'client_id': 9, 'num_samples': 2722, 'compute_time_sec': 0.5916469999938272, 'message_size_bytes': 507600}, {'client_id': 6, 'num_samples': 6530, 'compute_time_sec': 1.4424674999900162, 'message_size_bytes': 507600}, {'client_id': 5, 'num_samples': 13167, 'compute_time_sec': 2.839745699951891, 'message_size_bytes': 507600}, {'client_id': 8, 'num_samples': 4150, 'compute_time_sec': 0.9033414000296034, 'message_size_bytes': 507600}, {'client_id': 0, 'num_samples': 5121, 'compute_time_sec': 1.1164671999868006, 'message_size_bytes': 507600}, {'client_id': 7, 'num_samples': 6026, 'compute_time_sec': 1.3575608999817632, 'message_size_bytes': 507600}]",B,4.0955865000141785,10,5,2024,5076000,0.8405175966372702,0.5058988170165974,1784490979.787299
0.5,"[{'client_id': 4, 'num_samples': 1576, 'compute_time_sec': 0.33748809999087825, 'message_size_bytes': 507600}, {'client_id': 1, 'num_samples': 18482, 'compute_time_sec': 4.932461499993224, 'message_size_bytes': 507600}, {'client_id': 2, 'num_samples': 9500, 'compute_time_sec': 2.055986999999732, 'message_size_bytes': 507600}, {'client_id': 5, 'num_samples': 13167, 'compute_time_sec': 2.802533699956257, 'message_size_bytes': 507600}, {'client_id': 0, 'num_samples': 5121, 'compute_time_sec': 1.122222599980887, 'message_size_bytes': 507600}, {'client_id': 9, 'num_samples': 2722, 'compute_time_sec': 0.6190343999769539, 'message_size_bytes': 507600}, {'client_id': 3, 'num_samples': 1478, 'compute_time_sec': 0.3232141000335105, 'message_size_bytes': 507600}, {'client_id': 8, 'num_samples': 4150, 'compute_time_sec': 0.9146299000130966, 'message_size_bytes': 507600}, {'client_id': 6, 'num_samples': 6530, 'compute_time_sec': 1.420404700038489, 'message_size_bytes': 507600}, {'client_id': 7, 'num_samples': 6026, 'compute_time_sec': 1.3239667000016198, 'message_size_bytes': 507600}]",B,4.932461499993224,10,6,2024,5076000,0.8414242149509602,0.5041431368668826,1784490995.8807907
0.5,"[{'client_id': 3, 'num_samples': 1478, 'compute_time_sec': 0.34246459999121726, 'message_size_bytes': 507600}, {'client_id': 2, 'num_samples': 9500, 'compute_time_sec': 2.0855630000005476, 'message_size_bytes': 507600}, {'client_id': 1, 'num_samples': 18482, 'compute_time_sec': 3.9659697000170127, 'message_size_bytes': 507600}, {'client_id': 4, 'num_samples': 1576, 'compute_time_sec': 0.3476557999965735, 'message_size_bytes': 507600}, {'client_id': 6, 'num_samples': 6530, 'compute_time_sec': 1.4187966999597847, 'message_size_bytes': 507600}, {'client_id': 0, 'num_samples': 5121, 'compute_time_sec': 1.1058960999944247, 'message_size_bytes': 507600}, {'client_id': 9, 'num_samples': 2722, 'compute_time_sec': 0.6015870000119321, 'message_size_bytes': 507600}, {'client_id': 5, 'num_samples': 13167, 'compute_time_sec': 2.843970099987928, 'message_size_bytes': 507600}, {'client_id': 8, 'num_samples': 4150, 'compute_time_sec': 0.9000011999742128, 'message_size_bytes': 507600}, {'client_id': 7, 'num_samples': 6026, 'compute_time_sec': 2.441188399970997, 'message_size_bytes': 507600}]",B,3.9659697000170127,10,7,2024,5076000,0.8471936042198962,0.5111127009842347,1784491012.2828379
0.5,"[{'client_id': 3, 'num_samples': 1478, 'compute_time_sec': 0.3595664000022225, 'message_size_bytes': 507600}, {'client_id': 2, 'num_samples': 9500, 'compute_time_sec': 2.093803099996876, 'message_size_bytes': 507600}, {'client_id': 6, 'num_samples': 6530, 'compute_time_sec': 1.3996542999520898, 'message_size_bytes': 507600}, {'client_id': 4, 'num_samples': 1576, 'compute_time_sec': 0.3534537999657914, 'message_size_bytes': 507600}, {'client_id': 0, 'num_samples': 5121, 'compute_time_sec': 1.142073499970138, 'message_size_bytes': 507600}, {'client_id': 5, 'num_samples': 13167, 'compute_time_sec': 2.997619300032966, 'message_size_bytes': 507600}, {'client_id': 7, 'num_samples': 6026, 'compute_time_sec': 1.316186200012453, 'message_size_bytes': 507600}, {'client_id': 9, 'num_samples': 2722, 'compute_time_sec': 0.5908270999789238, 'message_size_bytes': 507600}, {'client_id': 8, 'num_samples': 4150, 'compute_time_sec': 0.9187520000268705, 'message_size_bytes': 507600}, {'client_id': 1, 'num_samples': 18482, 'compute_time_sec': 4.8198210000409745, 'message_size_bytes': 507600}]",B,4.8198210000409745,10,8,2024,5076000,0.8429901920382428,0.5060738158187036,1784491028.5068712
0.5,"[{'client_id': 6, 'num_samples': 6530, 'compute_time_sec': 1.444435000012163, 'message_size_bytes': 507600}, {'client_id': 0, 'num_samples': 5121, 'compute_time_sec': 1.1008893999969587, 'message_size_bytes': 507600}, {'client_id': 5, 'num_samples': 13167, 'compute_time_sec': 2.852826600021217, 'message_size_bytes': 507600}, {'client_id': 1, 'num_samples': 18482, 'compute_time_sec': 3.985836800013203, 'message_size_bytes': 507600}, {'client_id': 7, 'num_samples': 6026, 'compute_time_sec': 1.3202122999937274, 'message_size_bytes': 507600}, {'client_id': 8, 'num_samples': 4150, 'compute_time_sec': 0.9155446999939159, 'message_size_bytes': 507600}, {'client_id': 4, 'num_samples': 1576, 'compute_time_sec': 0.3409865999710746, 'message_size_bytes': 507600}, {'client_id': 3, 'num_samples': 1478, 'compute_time_sec': 0.8752848000149243, 'message_size_bytes': 507600}, {'client_id': 9, 'num_samples': 2722, 'compute_time_sec': 0.747964599984698, 'message_size_bytes': 507600}, {'client_id': 2, 'num_samples': 9500, 'compute_time_sec': 2.1343206000165083, 'message_size_bytes': 507600}]",B,3.985836800013203,10,9,2024,5076000,0.8524684744086376,0.5180633462660215,1784491044.4739423
0.5,"[{'client_id': 6, 'num_samples': 6530, 'compute_time_sec': 1.4056230999995023, 'message_size_bytes': 507600}, {'client_id': 5, 'num_samples': 13167, 'compute_time_sec': 2.7952569000190124, 'message_size_bytes': 507600}, {'client_id': 3, 'num_samples': 1478, 'compute_time_sec': 0.3359785000211559, 'message_size_bytes': 507600}, {'client_id': 2, 'num_samples': 9500, 'compute_time_sec': 2.091018100036308, 'message_size_bytes': 507600}, {'client_id': 8, 'num_samples': 4150, 'compute_time_sec': 0.9188623999943957, 'message_size_bytes': 507600}, {'client_id': 9, 'num_samples': 2722, 'compute_time_sec': 0.607030599960126, 'message_size_bytes': 507600}, {'client_id': 0, 'num_samples': 5121, 'compute_time_sec': 1.1030976999900304, 'message_size_bytes': 507600}, {'client_id': 1, 'num_samples': 18482, 'compute_time_sec': 4.7936506000114605, 'message_size_bytes': 507600}, {'client_id': 4, 'num_samples': 1576, 'compute_time_sec': 0.3438480999902822, 'message_size_bytes': 507600}, {'client_id': 7, 'num_samples': 6026, 'compute_time_sec': 1.3793995999731123, 'message_size_bytes': 507600}]",B,4.7936506000114605,10,10,2024,5076000,0.8481002225335861,0.510020318147054,1784491060.4843626
0.5,"[{'client_id': 6, 'num_samples': 6530, 'compute_time_sec': 1.4604120000149123, 'message_size_bytes': 507600}, {'client_id': 5, 'num_samples': 13167, 'compute_time_sec': 2.8796276000211947, 'message_size_bytes': 507600}, {'client_id': 0, 'num_samples': 5121, 'compute_time_sec': 1.1112956999568269, 'message_size_bytes': 507600}, {'client_id': 1, 'num_samples': 18482, 'compute_time_sec': 3.9945908000227064, 'message_size_bytes': 507600}, {'client_id': 7, 'num_samples': 6026, 'compute_time_sec': 1.9455159999779426, 'message_size_bytes': 507600}, {'client_id': 4, 'num_samples': 1576, 'compute_time_sec': 0.4014335999963805, 'message_size_bytes': 507600}, {'client_id': 9, 'num_samples': 2722, 'compute_time_sec': 0.6362761999480426, 'message_size_bytes': 507600}, {'client_id': 2, 'num_samples': 9500, 'compute_time_sec': 2.0737591999932192, 'message_size_bytes': 507600}, {'client_id': 8, 'num_samples': 4150, 'compute_time_sec': 0.9060203999979421, 'message_size_bytes': 507600}, {'client_id': 3, 'num_samples': 1478, 'compute_time_sec': 0.3172637000097893, 'message_size_bytes': 507600}]",B,3.9945908000227064,10,11,2024,5076000,0.8467815049864007,0.50767120114791,1784491076.4616435
0.5,"[{'client_id': 9, 'num_samples': 2722, 'compute_time_sec': 0.6510226999525912, 'message_size_bytes': 507600}, {'client_id': 5, 'num_samples': 13167, 'compute_time_sec': 2.851558600028511, 'message_size_bytes': 507600}, {'client_id': 6, 'num_samples': 6530, 'compute_time_sec': 1.4425896999891847, 'message_size_bytes': 507600}, {'client_id': 2, 'num_samples': 9500, 'compute_time_sec': 2.0743533999775536, 'message_size_bytes': 507600}, {'client_id': 0, 'num_samples': 5121, 'compute_time_sec': 1.1166962999850512, 'message_size_bytes': 507600}, {'client_id': 4, 'num_samples': 1576, 'compute_time_sec': 0.36274929996579885, 'message_size_bytes': 507600}, {'client_id': 8, 'num_samples': 4150, 'compute_time_sec': 1.1986739999847487, 'message_size_bytes': 507600}, {'client_id': 7, 'num_samples': 6026, 'compute_time_sec': 1.834432800009381, 'message_size_bytes': 507600}, {'client_id': 1, 'num_samples': 18482, 'compute_time_sec': 3.993510200001765, 'message_size_bytes': 507600}, {'client_id': 3, 'num_samples': 1478, 'compute_time_sec': 0.33341720001772046, 'message_size_bytes': 507600}]",B,3.993510200001765,10,12,2024,5076000,0.8478529629934888,0.510729845025561,1784491092.560504
0.5,"[{'client_id': 2, 'num_samples': 9500, 'compute_time_sec': 2.0477593999821693, 'message_size_bytes': 507600}, {'client_id': 1, 'num_samples': 18482, 'compute_time_sec': 3.96746220003115, 'message_size_bytes': 507600}, {'client_id': 8, 'num_samples': 4150, 'compute_time_sec': 0.8996873000287451, 'message_size_bytes': 507600}, {'client_id': 7, 'num_samples': 6026, 'compute_time_sec': 1.3135686999885365, 'message_size_bytes': 507600}, {'client_id': 4, 'num_samples': 1576, 'compute_time_sec': 0.9387742999824695, 'message_size_bytes': 507600}, {'client_id': 5, 'num_samples': 13167, 'compute_time_sec': 2.9619609999936074, 'message_size_bytes': 507600}, {'client_id': 9, 'num_samples': 2722, 'compute_time_sec': 0.6037351000122726, 'message_size_bytes': 507600}, {'client_id': 3, 'num_samples': 1478, 'compute_time_sec': 0.33580399997299537, 'message_size_bytes': 507600}, {'client_id': 0, 'num_samples': 5121, 'compute_time_sec': 1.0704106999910437, 'message_size_bytes': 507600}, {'client_id': 6, 'num_samples': 6530, 'compute_time_sec': 1.4725248999893665, 'message_size_bytes': 507600}]",B,3.96746220003115,10,13,2024,5076000,0.855765268276601,0.5221369492516807,1784491108.412797
0.5,"[{'client_id': 9, 'num_samples': 2722, 'compute_time_sec': 0.589043700019829, 'message_size_bytes': 507600}, {'client_id': 4, 'num_samples': 1576, 'compute_time_sec': 0.3511012000381015, 'message_size_bytes': 507600}, {'client_id': 5, 'num_samples': 13167, 'compute_time_sec': 2.8487948999973014, 'message_size_bytes': 507600}, {'client_id': 7, 'num_samples': 6026, 'compute_time_sec': 1.2967575000366196, 'message_size_bytes': 507600}, {'client_id': 1, 'num_samples': 18482, 'compute_time_sec': 4.677431799995247, 'message_size_bytes': 507600}, {'client_id': 6, 'num_samples': 6530, 'compute_time_sec': 1.4179690000019036, 'message_size_bytes': 507600}, {'client_id': 2, 'num_samples': 9500, 'compute_time_sec': 2.0553153000073507, 'message_size_bytes': 507600}, {'client_id': 3, 'num_samples': 1478, 'compute_time_sec': 0.34004639997147024, 'message_size_bytes': 507600}, {'client_id': 8, 'num_samples': 4150, 'compute_time_sec': 0.901293299975805, 'message_size_bytes': 507600}, {'client_id': 0, 'num_samples': 5121, 'compute_time_sec': 1.1479146999772638, 'message_size_bytes': 507600}]",B,4.677431799995247,10,14,2024,5076000,0.8138135663067667,0.4203389428663661,1784491124.2720077
0.5,"[{'client_id': 1, 'num_samples': 18482, 'compute_time_sec': 3.943090000015218, 'message_size_bytes': 507600}, {'client_id': 2, 'num_samples': 9500, 'compute_time_sec': 2.074365200009197, 'message_size_bytes': 507600}, {'client_id': 8, 'num_samples': 4150, 'compute_time_sec': 2.2051619000267237, 'message_size_bytes': 507600}, {'client_id': 6, 'num_samples': 6530, 'compute_time_sec': 1.4798752999631688, 'message_size_bytes': 507600}, {'client_id': 4, 'num_samples': 1576, 'compute_time_sec': 0.35171529999934137, 'message_size_bytes': 507600}, {'client_id': 7, 'num_samples': 6026, 'compute_time_sec': 1.3113335000234656, 'message_size_bytes': 507600}, {'client_id': 5, 'num_samples': 13167, 'compute_time_sec': 2.8668629999738187, 'message_size_bytes': 507600}, {'client_id': 3, 'num_samples': 1478, 'compute_time_sec': 0.3219896000227891, 'message_size_bytes': 507600}, {'client_id': 9, 'num_samples': 2722, 'compute_time_sec': 0.6548976000049151, 'message_size_bytes': 507600}, {'client_id': 0, 'num_samples': 5121, 'compute_time_sec': 1.1243522999575362, 'message_size_bytes': 507600}]",B,3.943090000015218,10,15,2024,5076000,0.854776230116212,0.5185736271969075,1784491140.8508081
0.5,"[{'client_id': 1, 'num_samples': 18482, 'compute_time_sec': 4.032240900036413, 'message_size_bytes': 507600}, {'client_id': 0, 'num_samples': 5121, 'compute_time_sec': 0.8754558000364341, 'message_size_bytes': 507600}, {'client_id': 9, 'num_samples': 2722, 'compute_time_sec': 0.8807758000330068, 'message_size_bytes': 507600}, {'client_id': 3, 'num_samples': 1478, 'compute_time_sec': 0.27819779998390004, 'message_size_bytes': 507600}, {'client_id': 2, 'num_samples': 9500, 'compute_time_sec': 1.5874803999904543, 'message_size_bytes': 507600}, {'client_id': 7, 'num_samples': 6026, 'compute_time_sec': 1.015009100025054, 'message_size_bytes': 507600}, {'client_id': 8, 'num_samples': 4150, 'compute_time_sec': 0.6962450999999419, 'message_size_bytes': 507600}, {'client_id': 6, 'num_samples': 6530, 'compute_time_sec': 1.0998609000234865, 'message_size_bytes': 507600}, {'client_id': 4, 'num_samples': 1576, 'compute_time_sec': 0.2752547999843955, 'message_size_bytes': 507600}, {'client_id': 5, 'num_samples': 13167, 'compute_time_sec': 2.198632599960547, 'message_size_bytes': 507600}]",B,4.032240900036413,10,16,2024,5076000,0.8515618560949476,0.5148954708768012,1784491153.9905324
0.5,"[{'client_id': 0, 'num_samples': 5121, 'compute_time_sec': 0.865948099992238, 'message_size_bytes': 507600}, {'client_id': 5, 'num_samples': 13167, 'compute_time_sec': 2.1707509999978356, 'message_size_bytes': 507600}, {'client_id': 3, 'num_samples': 1478, 'compute_time_sec': 0.24976440001046285, 'message_size_bytes': 507600}, {'client_id': 6, 'num_samples': 6530, 'compute_time_sec': 1.3380869000102393, 'message_size_bytes': 507600}, {'client_id': 8, 'num_samples': 4150, 'compute_time_sec': 0.9257750000106171, 'message_size_bytes': 507600}, {'client_id': 9, 'num_samples': 2722, 'compute_time_sec': 0.6123905000276864, 'message_size_bytes': 507600}, {'client_id': 2, 'num_samples': 9500, 'compute_time_sec': 2.8363222999614663, 'message_size_bytes': 507600}, {'client_id': 1, 'num_samples': 18482, 'compute_time_sec': 4.012761099962518, 'message_size_bytes': 507600}, {'client_id': 7, 'num_samples': 6026, 'compute_time_sec': 1.3226679000072181, 'message_size_bytes': 507600}, {'client_id': 4, 'num_samples': 1576, 'compute_time_sec': 0.36329040001146495, 'message_size_bytes': 507600}]",B,4.012761099962518,10,17,2024,5076000,0.8498310393142668,0.5131750980520211,1784491168.9185104
0.5,"[{'client_id': 7, 'num_samples': 6026, 'compute_time_sec': 1.32237539999187, 'message_size_bytes': 507600}, {'client_id': 8, 'num_samples': 4150, 'compute_time_sec': 0.9115026000072248, 'message_size_bytes': 507600}, {'client_id': 9, 'num_samples': 2722, 'compute_time_sec': 0.6345561999478377, 'message_size_bytes': 507600}, {'client_id': 2, 'num_samples': 9500, 'compute_time_sec': 2.0193116000154987, 'message_size_bytes': 507600}, {'client_id': 6, 'num_samples': 6530, 'compute_time_sec': 1.4401010000146925, 'message_size_bytes': 507600}, {'client_id': 0, 'num_samples': 5121, 'compute_time_sec': 1.703874500002712, 'message_size_bytes': 507600}, {'client_id': 5, 'num_samples': 13167, 'compute_time_sec': 2.8656712000374682, 'message_size_bytes': 507600}, {'client_id': 3, 'num_samples': 1478, 'compute_time_sec': 0.31526050000684336, 'message_size_bytes': 507600}, {'client_id': 4, 'num_samples': 1576, 'compute_time_sec': 0.37735170003725216, 'message_size_bytes': 507600}, {'client_id': 1, 'num_samples': 18482, 'compute_time_sec': 4.090575299982447, 'message_size_bytes': 507600}]",B,4.090575299982447,10,18,2024,5076000,0.8542817110360175,0.5179216512281941,1784491184.8454008
0.5,"[{'client_id': 4, 'num_samples': 1576, 'compute_time_sec': 0.370750300004147, 'message_size_bytes': 507600}, {'client_id': 1, 'num_samples': 18482, 'compute_time_sec': 3.982851799984928, 'message_size_bytes': 507600}, {'client_id': 3, 'num_samples': 1478, 'compute_time_sec': 0.33875420002732426, 'message_size_bytes': 507600}, {'client_id': 9, 'num_samples': 2722, 'compute_time_sec': 0.6056204000487924, 'message_size_bytes': 507600}, {'client_id': 5, 'num_samples': 13167, 'compute_time_sec': 3.426526700030081, 'message_size_bytes': 507600}, {'client_id': 6, 'num_samples': 6530, 'compute_time_sec': 1.4237121000187472, 'message_size_bytes': 507600}, {'client_id': 0, 'num_samples': 5121, 'compute_time_sec': 1.0853857999900356, 'message_size_bytes': 507600}, {'client_id': 8, 'num_samples': 4150, 'compute_time_sec': 0.9120738999918103, 'message_size_bytes': 507600}, {'client_id': 2, 'num_samples': 9500, 'compute_time_sec': 2.083756699983496, 'message_size_bytes': 507600}, {'client_id': 7, 'num_samples': 6026, 'compute_time_sec': 1.3861472999560647, 'message_size_bytes': 507600}]",B,3.982851799984928,10,19,2024,5076000,0.8518091156350449,0.5134011805455826,1784491200.7155287
